-- Disable foreign key checks to safely truncate and insert
SET FOREIGN_KEY_CHECKS = 0;

TRUNCATE TABLE request_transfer_history;
TRUNCATE TABLE request_transfer;
TRUNCATE TABLE transfer;
TRUNCATE TABLE folder;

-- 1. Insert folders (Dossiers)
INSERT INTO folder (folder_id, created_by, folder_symbol, created_at, folder_year, folder_number, statuts) VALUES (1, 2, '1101', '2026-04-12', 2026, '1', 'CREATION');
INSERT INTO folder (folder_id, created_by, folder_symbol, created_at, folder_year, folder_number, statuts) VALUES (2, 2, '1201', '2026-03-08', 2026, '2', 'CREATION');
INSERT INTO folder (folder_id, created_by, folder_symbol, created_at, folder_year, folder_number, statuts) VALUES (3, 2, '1101', '2026-05-20', 2026, '3', 'CREATION');
INSERT INTO folder (folder_id, created_by, folder_symbol, created_at, folder_year, folder_number, statuts) VALUES (4, 2, '1101', '2026-02-24', 2026, '4', 'CREATION');
INSERT INTO folder (folder_id, created_by, folder_symbol, created_at, folder_year, folder_number, statuts) VALUES (5, 2, '1201', '2026-06-10', 2026, '5', 'CREATION');
INSERT INTO folder (folder_id, created_by, folder_symbol, created_at, folder_year, folder_number, statuts) VALUES (6, 2, '1201', '2026-06-20', 2026, '6', 'CREATION');
INSERT INTO folder (folder_id, created_by, folder_symbol, created_at, folder_year, folder_number, statuts) VALUES (7, 3, '1201', '2026-05-26', 2026, '7', 'CREATION');
INSERT INTO folder (folder_id, created_by, folder_symbol, created_at, folder_year, folder_number, statuts) VALUES (8, 3, '1101', '2026-03-13', 2026, '8', 'CREATION');
INSERT INTO folder (folder_id, created_by, folder_symbol, created_at, folder_year, folder_number, statuts) VALUES (9, 3, '1501', '2026-04-13', 2026, '9', 'CREATION');
INSERT INTO folder (folder_id, created_by, folder_symbol, created_at, folder_year, folder_number, statuts) VALUES (10, 2, '1201', '2026-04-28', 2026, '10', 'CREATION');
INSERT INTO folder (folder_id, created_by, folder_symbol, created_at, folder_year, folder_number, statuts) VALUES (11, 2, '1101', '2026-05-09', 2026, '11', 'CREATION');
INSERT INTO folder (folder_id, created_by, folder_symbol, created_at, folder_year, folder_number, statuts) VALUES (12, 2, '1501', '2026-04-30', 2026, '12', 'CREATION');
INSERT INTO folder (folder_id, created_by, folder_symbol, created_at, folder_year, folder_number, statuts) VALUES (13, 3, '1101', '2026-05-29', 2026, '13', 'CREATION');
INSERT INTO folder (folder_id, created_by, folder_symbol, created_at, folder_year, folder_number, statuts) VALUES (14, 2, '1601', '2026-02-21', 2026, '14', 'CREATION');
INSERT INTO folder (folder_id, created_by, folder_symbol, created_at, folder_year, folder_number, statuts) VALUES (15, 3, '1501', '2026-03-22', 2026, '15', 'CREATION');
INSERT INTO folder (folder_id, created_by, folder_symbol, created_at, folder_year, folder_number, statuts) VALUES (16, 2, '1101', '2026-03-31', 2026, '16', 'CREATION');
INSERT INTO folder (folder_id, created_by, folder_symbol, created_at, folder_year, folder_number, statuts) VALUES (17, 3, '1101', '2026-04-01', 2026, '17', 'CREATION');
INSERT INTO folder (folder_id, created_by, folder_symbol, created_at, folder_year, folder_number, statuts) VALUES (18, 2, '1601', '2026-04-13', 2026, '18', 'CREATION');
INSERT INTO folder (folder_id, created_by, folder_symbol, created_at, folder_year, folder_number, statuts) VALUES (19, 3, '1501', '2026-03-14', 2026, '19', 'CREATION');
INSERT INTO folder (folder_id, created_by, folder_symbol, created_at, folder_year, folder_number, statuts) VALUES (20, 3, '1501', '2026-03-26', 2026, '20', 'CREATION');
INSERT INTO folder (folder_id, created_by, folder_symbol, created_at, folder_year, folder_number, statuts) VALUES (21, 3, '1101', '2026-03-16', 2026, '21', 'CREATION');
INSERT INTO folder (folder_id, created_by, folder_symbol, created_at, folder_year, folder_number, statuts) VALUES (22, 2, '1201', '2026-05-30', 2026, '22', 'CREATION');
INSERT INTO folder (folder_id, created_by, folder_symbol, created_at, folder_year, folder_number, statuts) VALUES (23, 3, '1501', '2026-06-23', 2026, '23', 'CREATION');
INSERT INTO folder (folder_id, created_by, folder_symbol, created_at, folder_year, folder_number, statuts) VALUES (24, 2, '1501', '2026-02-15', 2026, '24', 'CREATION');
INSERT INTO folder (folder_id, created_by, folder_symbol, created_at, folder_year, folder_number, statuts) VALUES (25, 2, '1101', '2026-04-22', 2026, '25', 'CREATION');
INSERT INTO folder (folder_id, created_by, folder_symbol, created_at, folder_year, folder_number, statuts) VALUES (26, 3, '1501', '2026-02-17', 2026, '26', 'IN_SESSION');
INSERT INTO folder (folder_id, created_by, folder_symbol, created_at, folder_year, folder_number, statuts) VALUES (27, 2, '1501', '2026-03-27', 2026, '27', 'IN_SESSION');
INSERT INTO folder (folder_id, created_by, folder_symbol, created_at, folder_year, folder_number, statuts) VALUES (28, 3, '1601', '2026-05-29', 2026, '28', 'IN_SESSION');
INSERT INTO folder (folder_id, created_by, folder_symbol, created_at, folder_year, folder_number, statuts) VALUES (29, 2, '1501', '2026-03-08', 2026, '29', 'IN_SESSION');
INSERT INTO folder (folder_id, created_by, folder_symbol, created_at, folder_year, folder_number, statuts) VALUES (30, 2, '1501', '2026-05-21', 2026, '30', 'IN_SESSION');
INSERT INTO folder (folder_id, created_by, folder_symbol, created_at, folder_year, folder_number, statuts) VALUES (31, 3, '1501', '2026-03-29', 2026, '31', 'IN_SESSION');
INSERT INTO folder (folder_id, created_by, folder_symbol, created_at, folder_year, folder_number, statuts) VALUES (32, 2, '1601', '2026-02-24', 2026, '32', 'IN_SESSION');
INSERT INTO folder (folder_id, created_by, folder_symbol, created_at, folder_year, folder_number, statuts) VALUES (33, 2, '1101', '2026-03-12', 2026, '33', 'IN_SESSION');
INSERT INTO folder (folder_id, created_by, folder_symbol, created_at, folder_year, folder_number, statuts) VALUES (34, 2, '1601', '2026-02-17', 2026, '34', 'IN_SESSION');
INSERT INTO folder (folder_id, created_by, folder_symbol, created_at, folder_year, folder_number, statuts) VALUES (35, 3, '1601', '2026-05-31', 2026, '35', 'IN_SESSION');
INSERT INTO folder (folder_id, created_by, folder_symbol, created_at, folder_year, folder_number, statuts) VALUES (36, 3, '1101', '2026-03-02', 2026, '36', 'IN_SESSION');
INSERT INTO folder (folder_id, created_by, folder_symbol, created_at, folder_year, folder_number, statuts) VALUES (37, 3, '1501', '2026-03-01', 2026, '37', 'IN_SESSION');
INSERT INTO folder (folder_id, created_by, folder_symbol, created_at, folder_year, folder_number, statuts) VALUES (38, 3, '1601', '2026-03-13', 2026, '38', 'IN_SESSION');
INSERT INTO folder (folder_id, created_by, folder_symbol, created_at, folder_year, folder_number, statuts) VALUES (39, 3, '1101', '2026-04-09', 2026, '39', 'IN_SESSION');
INSERT INTO folder (folder_id, created_by, folder_symbol, created_at, folder_year, folder_number, statuts) VALUES (40, 2, '1101', '2026-04-18', 2026, '40', 'IN_SESSION');
INSERT INTO folder (folder_id, created_by, folder_symbol, created_at, folder_year, folder_number, statuts) VALUES (41, 2, '1201', '2026-05-07', 2026, '41', 'IN_SESSION');
INSERT INTO folder (folder_id, created_by, folder_symbol, created_at, folder_year, folder_number, statuts) VALUES (42, 2, '1101', '2026-04-24', 2026, '42', 'IN_SESSION');
INSERT INTO folder (folder_id, created_by, folder_symbol, created_at, folder_year, folder_number, statuts) VALUES (43, 3, '1101', '2026-03-01', 2026, '43', 'IN_SESSION');
INSERT INTO folder (folder_id, created_by, folder_symbol, created_at, folder_year, folder_number, statuts) VALUES (44, 3, '1501', '2026-04-03', 2026, '44', 'IN_SESSION');
INSERT INTO folder (folder_id, created_by, folder_symbol, created_at, folder_year, folder_number, statuts) VALUES (45, 2, '1201', '2026-02-21', 2026, '45', 'IN_SESSION');
INSERT INTO folder (folder_id, created_by, folder_symbol, created_at, folder_year, folder_number, statuts) VALUES (46, 2, '1601', '2026-02-18', 2026, '46', 'IN_DELIBERATION');
INSERT INTO folder (folder_id, created_by, folder_symbol, created_at, folder_year, folder_number, statuts) VALUES (47, 2, '1201', '2026-06-02', 2026, '47', 'IN_DELIBERATION');
INSERT INTO folder (folder_id, created_by, folder_symbol, created_at, folder_year, folder_number, statuts) VALUES (48, 2, '1501', '2026-06-16', 2026, '48', 'IN_DELIBERATION');
INSERT INTO folder (folder_id, created_by, folder_symbol, created_at, folder_year, folder_number, statuts) VALUES (49, 3, '1201', '2026-03-24', 2026, '49', 'IN_DELIBERATION');
INSERT INTO folder (folder_id, created_by, folder_symbol, created_at, folder_year, folder_number, statuts) VALUES (50, 3, '1601', '2026-05-07', 2026, '50', 'IN_DELIBERATION');
INSERT INTO folder (folder_id, created_by, folder_symbol, created_at, folder_year, folder_number, statuts) VALUES (51, 3, '1601', '2026-03-03', 2026, '51', 'IN_DELIBERATION');
INSERT INTO folder (folder_id, created_by, folder_symbol, created_at, folder_year, folder_number, statuts) VALUES (52, 2, '1201', '2026-02-17', 2026, '52', 'IN_DELIBERATION');
INSERT INTO folder (folder_id, created_by, folder_symbol, created_at, folder_year, folder_number, statuts) VALUES (53, 3, '1101', '2026-03-31', 2026, '53', 'IN_DELIBERATION');
INSERT INTO folder (folder_id, created_by, folder_symbol, created_at, folder_year, folder_number, statuts) VALUES (54, 2, '1101', '2026-02-19', 2026, '54', 'IN_DELIBERATION');
INSERT INTO folder (folder_id, created_by, folder_symbol, created_at, folder_year, folder_number, statuts) VALUES (55, 2, '1201', '2026-02-18', 2026, '55', 'IN_DELIBERATION');
INSERT INTO folder (folder_id, created_by, folder_symbol, created_at, folder_year, folder_number, statuts) VALUES (56, 2, '1501', '2026-02-19', 2026, '56', 'IN_DELIBERATION');
INSERT INTO folder (folder_id, created_by, folder_symbol, created_at, folder_year, folder_number, statuts) VALUES (57, 2, '1501', '2026-06-05', 2026, '57', 'IN_DELIBERATION');
INSERT INTO folder (folder_id, created_by, folder_symbol, created_at, folder_year, folder_number, statuts) VALUES (58, 2, '1201', '2026-06-02', 2026, '58', 'IN_DELIBERATION');
INSERT INTO folder (folder_id, created_by, folder_symbol, created_at, folder_year, folder_number, statuts) VALUES (59, 2, '1601', '2026-05-16', 2026, '59', 'IN_DELIBERATION');
INSERT INTO folder (folder_id, created_by, folder_symbol, created_at, folder_year, folder_number, statuts) VALUES (60, 2, '1101', '2026-02-25', 2026, '60', 'IN_DELIBERATION');
INSERT INTO folder (folder_id, created_by, folder_symbol, created_at, folder_year, folder_number, statuts) VALUES (61, 3, '1501', '2026-05-20', 2026, '61', 'DRAFTED');
INSERT INTO folder (folder_id, created_by, folder_symbol, created_at, folder_year, folder_number, statuts) VALUES (62, 3, '1601', '2026-02-14', 2026, '62', 'DRAFTED');
INSERT INTO folder (folder_id, created_by, folder_symbol, created_at, folder_year, folder_number, statuts) VALUES (63, 2, '1101', '2026-05-15', 2026, '63', 'DRAFTED');
INSERT INTO folder (folder_id, created_by, folder_symbol, created_at, folder_year, folder_number, statuts) VALUES (64, 3, '1101', '2026-04-05', 2026, '64', 'DRAFTED');
INSERT INTO folder (folder_id, created_by, folder_symbol, created_at, folder_year, folder_number, statuts) VALUES (65, 2, '1201', '2026-05-26', 2026, '65', 'DRAFTED');
INSERT INTO folder (folder_id, created_by, folder_symbol, created_at, folder_year, folder_number, statuts) VALUES (66, 2, '1601', '2026-03-19', 2026, '66', 'DRAFTED');
INSERT INTO folder (folder_id, created_by, folder_symbol, created_at, folder_year, folder_number, statuts) VALUES (67, 2, '1601', '2026-02-26', 2026, '67', 'DRAFTED');
INSERT INTO folder (folder_id, created_by, folder_symbol, created_at, folder_year, folder_number, statuts) VALUES (68, 2, '1201', '2026-05-16', 2026, '68', 'DRAFTED');
INSERT INTO folder (folder_id, created_by, folder_symbol, created_at, folder_year, folder_number, statuts) VALUES (69, 3, '1101', '2026-03-15', 2026, '69', 'DRAFTED');
INSERT INTO folder (folder_id, created_by, folder_symbol, created_at, folder_year, folder_number, statuts) VALUES (70, 3, '1601', '2026-04-15', 2026, '70', 'DRAFTED');
INSERT INTO folder (folder_id, created_by, folder_symbol, created_at, folder_year, folder_number, statuts) VALUES (71, 2, '1501', '2026-03-28', 2026, '71', 'DRAFTED');
INSERT INTO folder (folder_id, created_by, folder_symbol, created_at, folder_year, folder_number, statuts) VALUES (72, 2, '1601', '2026-06-09', 2026, '72', 'DRAFTED');
INSERT INTO folder (folder_id, created_by, folder_symbol, created_at, folder_year, folder_number, statuts) VALUES (73, 2, '1101', '2026-02-18', 2026, '73', 'DRAFTED');
INSERT INTO folder (folder_id, created_by, folder_symbol, created_at, folder_year, folder_number, statuts) VALUES (74, 2, '1101', '2026-02-21', 2026, '74', 'DRAFTED');
INSERT INTO folder (folder_id, created_by, folder_symbol, created_at, folder_year, folder_number, statuts) VALUES (75, 3, '1201', '2026-04-09', 2026, '75', 'DRAFTED');
INSERT INTO folder (folder_id, created_by, folder_symbol, created_at, folder_year, folder_number, statuts) VALUES (76, 3, '1101', '2026-02-02', 2026, '76', 'ARCHIVED');
INSERT INTO folder (folder_id, created_by, folder_symbol, created_at, folder_year, folder_number, statuts) VALUES (77, 2, '1201', '2026-04-06', 2026, '77', 'ARCHIVED');
INSERT INTO folder (folder_id, created_by, folder_symbol, created_at, folder_year, folder_number, statuts) VALUES (78, 2, '1201', '2026-03-20', 2026, '78', 'ARCHIVED');
INSERT INTO folder (folder_id, created_by, folder_symbol, created_at, folder_year, folder_number, statuts) VALUES (79, 3, '1101', '2026-04-27', 2026, '79', 'ARCHIVED');
INSERT INTO folder (folder_id, created_by, folder_symbol, created_at, folder_year, folder_number, statuts) VALUES (80, 3, '1101', '2026-05-25', 2026, '80', 'ARCHIVED');
INSERT INTO folder (folder_id, created_by, folder_symbol, created_at, folder_year, folder_number, statuts) VALUES (81, 3, '1501', '2026-04-19', 2026, '81', 'ARCHIVED');
INSERT INTO folder (folder_id, created_by, folder_symbol, created_at, folder_year, folder_number, statuts) VALUES (82, 3, '1601', '2026-03-05', 2026, '82', 'ARCHIVED');
INSERT INTO folder (folder_id, created_by, folder_symbol, created_at, folder_year, folder_number, statuts) VALUES (83, 3, '1101', '2026-02-01', 2026, '83', 'ARCHIVED');
INSERT INTO folder (folder_id, created_by, folder_symbol, created_at, folder_year, folder_number, statuts) VALUES (84, 2, '1601', '2026-04-12', 2026, '84', 'ARCHIVED');
INSERT INTO folder (folder_id, created_by, folder_symbol, created_at, folder_year, folder_number, statuts) VALUES (85, 2, '1101', '2026-06-01', 2026, '85', 'ARCHIVED');
INSERT INTO folder (folder_id, created_by, folder_symbol, created_at, folder_year, folder_number, statuts) VALUES (86, 3, '1201', '2026-03-28', 2026, '86', 'ARCHIVED');
INSERT INTO folder (folder_id, created_by, folder_symbol, created_at, folder_year, folder_number, statuts) VALUES (87, 3, '1101', '2026-05-27', 2026, '87', 'ARCHIVED');
INSERT INTO folder (folder_id, created_by, folder_symbol, created_at, folder_year, folder_number, statuts) VALUES (88, 2, '1501', '2026-05-11', 2026, '88', 'ARCHIVED');
INSERT INTO folder (folder_id, created_by, folder_symbol, created_at, folder_year, folder_number, statuts) VALUES (89, 2, '1201', '2026-06-05', 2026, '89', 'ARCHIVED');
INSERT INTO folder (folder_id, created_by, folder_symbol, created_at, folder_year, folder_number, statuts) VALUES (90, 2, '1501', '2026-05-12', 2026, '90', 'ARCHIVED');
INSERT INTO folder (folder_id, created_by, folder_symbol, created_at, folder_year, folder_number, statuts) VALUES (91, 2, '1101', '2026-03-21', 2026, '91', 'ARCHIVED');
INSERT INTO folder (folder_id, created_by, folder_symbol, created_at, folder_year, folder_number, statuts) VALUES (92, 2, '1601', '2026-03-17', 2026, '92', 'ARCHIVED');
INSERT INTO folder (folder_id, created_by, folder_symbol, created_at, folder_year, folder_number, statuts) VALUES (93, 2, '1201', '2026-03-24', 2026, '93', 'ARCHIVED');
INSERT INTO folder (folder_id, created_by, folder_symbol, created_at, folder_year, folder_number, statuts) VALUES (94, 3, '1501', '2026-04-24', 2026, '94', 'ARCHIVED');
INSERT INTO folder (folder_id, created_by, folder_symbol, created_at, folder_year, folder_number, statuts) VALUES (95, 2, '1101', '2026-05-24', 2026, '95', 'ARCHIVED');
INSERT INTO folder (folder_id, created_by, folder_symbol, created_at, folder_year, folder_number, statuts) VALUES (96, 2, '1101', '2026-04-18', 2026, '96', 'ARCHIVED');
INSERT INTO folder (folder_id, created_by, folder_symbol, created_at, folder_year, folder_number, statuts) VALUES (97, 3, '1101', '2026-03-22', 2026, '97', 'ARCHIVED');
INSERT INTO folder (folder_id, created_by, folder_symbol, created_at, folder_year, folder_number, statuts) VALUES (98, 3, '1101', '2026-04-08', 2026, '98', 'ARCHIVED');
INSERT INTO folder (folder_id, created_by, folder_symbol, created_at, folder_year, folder_number, statuts) VALUES (99, 2, '1501', '2026-04-21', 2026, '99', 'ARCHIVED');
INSERT INTO folder (folder_id, created_by, folder_symbol, created_at, folder_year, folder_number, statuts) VALUES (100, 3, '1601', '2026-03-14', 2026, '100', 'ARCHIVED');

-- 2. Insert transfers
INSERT INTO transfer (transfer_id, from_user, to_user, folder_id, purpose, status, transfer_date) VALUES (1, 3, 4, 76, 'إرسال الملف للأرشيف الإلكتروني والورقي بعد إغلاقه', 'RECEIVED', '2026-02-13');
INSERT INTO transfer (transfer_id, from_user, to_user, folder_id, purpose, status, transfer_date) VALUES (2, 2, 4, 77, 'أرشفة ملف القضية بعد تصفية الحسابات وإنهاء الخصومة', 'RECEIVED', '2026-04-12');
INSERT INTO transfer (transfer_id, from_user, to_user, folder_id, purpose, status, transfer_date) VALUES (3, 2, 4, 78, 'أرشفة ملف القضية بعد تصفية الحسابات وإنهاء الخصومة', 'RECEIVED', '2026-03-27');
INSERT INTO transfer (transfer_id, from_user, to_user, folder_id, purpose, status, transfer_date) VALUES (4, 3, 4, 79, 'أرشفة ملف القضية بعد تصفية الحسابات وإنهاء الخصومة', 'RECEIVED', '2026-05-01');
INSERT INTO transfer (transfer_id, from_user, to_user, folder_id, purpose, status, transfer_date) VALUES (5, 3, 4, 80, 'طلب أرشفة الملف بعد صدور الحكم النهائي الحائز لقوة الشيء المقضي به', 'RECEIVED', '2026-06-05');
INSERT INTO transfer (transfer_id, from_user, to_user, folder_id, purpose, status, transfer_date) VALUES (6, 3, 4, 81, 'حفظ الملف في الأرشيف النهائي للمحكمة بعد إتمام التنفيذ', 'RECEIVED', '2026-04-27');
INSERT INTO transfer (transfer_id, from_user, to_user, folder_id, purpose, status, transfer_date) VALUES (7, 3, 4, 82, 'طلب أرشفة الملف بعد صدور الحكم النهائي الحائز لقوة الشيء المقضي به', 'RECEIVED', '2026-03-11');
INSERT INTO transfer (transfer_id, from_user, to_user, folder_id, purpose, status, transfer_date) VALUES (8, 3, 4, 83, 'أرشفة ملف القضية بعد تصفية الحسابات وإنهاء الخصومة', 'RECEIVED', '2026-02-07');
INSERT INTO transfer (transfer_id, from_user, to_user, folder_id, purpose, status, transfer_date) VALUES (9, 2, 4, 84, 'إرسال الملف للأرشيف الإلكتروني والورقي بعد إغلاقه', 'RECEIVED', '2026-04-22');
INSERT INTO transfer (transfer_id, from_user, to_user, folder_id, purpose, status, transfer_date) VALUES (10, 2, 4, 85, 'حفظ الملف في الأرشيف النهائي للمحكمة بعد إتمام التنفيذ', 'RECEIVED', '2026-06-11');
INSERT INTO transfer (transfer_id, from_user, to_user, folder_id, purpose, status, transfer_date) VALUES (11, 3, 4, 86, 'حفظ الملف في الأرشيف النهائي للمحكمة بعد إتمام التنفيذ', 'RECEIVED', '2026-04-01');
INSERT INTO transfer (transfer_id, from_user, to_user, folder_id, purpose, status, transfer_date) VALUES (12, 3, 4, 87, 'أرشفة ملف القضية بعد تصفية الحسابات وإنهاء الخصومة', 'RECEIVED', '2026-06-02');
INSERT INTO transfer (transfer_id, from_user, to_user, folder_id, purpose, status, transfer_date) VALUES (13, 2, 4, 88, 'إرسال الملف للأرشيف الإلكتروني والورقي بعد إغلاقه', 'RECEIVED', '2026-05-23');
INSERT INTO transfer (transfer_id, from_user, to_user, folder_id, purpose, status, transfer_date) VALUES (14, 2, 4, 89, 'حفظ الملف في الأرشيف النهائي للمحكمة بعد إتمام التنفيذ', 'RECEIVED', '2026-06-13');
INSERT INTO transfer (transfer_id, from_user, to_user, folder_id, purpose, status, transfer_date) VALUES (15, 2, 4, 90, 'إرسال الملف للأرشيف الإلكتروني والورقي بعد إغلاقه', 'RECEIVED', '2026-05-19');
INSERT INTO transfer (transfer_id, from_user, to_user, folder_id, purpose, status, transfer_date) VALUES (16, 2, 4, 91, 'طلب أرشفة الملف بعد صدور الحكم النهائي الحائز لقوة الشيء المقضي به', 'RECEIVED', '2026-03-31');
INSERT INTO transfer (transfer_id, from_user, to_user, folder_id, purpose, status, transfer_date) VALUES (17, 2, 4, 92, 'أرشفة ملف القضية بعد تصفية الحسابات وإنهاء الخصومة', 'RECEIVED', '2026-03-23');
INSERT INTO transfer (transfer_id, from_user, to_user, folder_id, purpose, status, transfer_date) VALUES (18, 2, 4, 93, 'أرشفة ملف القضية بعد تصفية الحسابات وإنهاء الخصومة', 'RECEIVED', '2026-03-30');
INSERT INTO transfer (transfer_id, from_user, to_user, folder_id, purpose, status, transfer_date) VALUES (19, 3, 4, 94, 'إرسال الملف للأرشيف الإلكتروني والورقي بعد إغلاقه', 'RECEIVED', '2026-05-06');
INSERT INTO transfer (transfer_id, from_user, to_user, folder_id, purpose, status, transfer_date) VALUES (20, 2, 4, 95, 'أرشفة ملف القضية بعد تصفية الحسابات وإنهاء الخصومة', 'RECEIVED', '2026-05-30');
INSERT INTO transfer (transfer_id, from_user, to_user, folder_id, purpose, status, transfer_date) VALUES (21, 2, 4, 96, 'إرسال الملف للأرشيف الإلكتروني والورقي بعد إغلاقه', 'RECEIVED', '2026-04-27');
INSERT INTO transfer (transfer_id, from_user, to_user, folder_id, purpose, status, transfer_date) VALUES (22, 3, 4, 97, 'حفظ الملف في الأرشيف النهائي للمحكمة بعد إتمام التنفيذ', 'RECEIVED', '2026-03-28');
INSERT INTO transfer (transfer_id, from_user, to_user, folder_id, purpose, status, transfer_date) VALUES (23, 3, 4, 98, 'حفظ الملف في الأرشيف النهائي للمحكمة بعد إتمام التنفيذ', 'RECEIVED', '2026-04-18');
INSERT INTO transfer (transfer_id, from_user, to_user, folder_id, purpose, status, transfer_date) VALUES (24, 2, 4, 99, 'أرشفة ملف القضية بعد تصفية الحسابات وإنهاء الخصومة', 'RECEIVED', '2026-04-26');
INSERT INTO transfer (transfer_id, from_user, to_user, folder_id, purpose, status, transfer_date) VALUES (25, 3, 4, 100, 'إرسال الملف للأرشيف الإلكتروني والورقي بعد إغلاقه', 'RECEIVED', '2026-03-21');
INSERT INTO transfer (transfer_id, from_user, to_user, folder_id, purpose, status, transfer_date) VALUES (26, 3, 2, 61, 'تحويل الملف لشعبة التطليق للتبليغ', 'RECEIVED', '2026-05-27');
INSERT INTO transfer (transfer_id, from_user, to_user, folder_id, purpose, status, transfer_date) VALUES (27, 3, 2, 62, 'إحالة الملف إلى خلية التحديث والرقمنة', 'RECEIVED', '2026-02-19');
INSERT INTO transfer (transfer_id, from_user, to_user, folder_id, purpose, status, transfer_date) VALUES (28, 2, 3, 63, 'إحالة الملف للنيابة العامة لتقديم المستنتجات', 'RECEIVED', '2026-05-22');

-- 3. Insert requests
INSERT INTO request_transfer (request_transfer_id, purpose, status, request_date, handled_by, created_by, transfer_id, folder_id) VALUES (1, 'إرسال الملف للمفوض القضائي قصد التبليغ والتعذير', 'PENDING', '2026-03-21', 3, 2, NULL, 66);
INSERT INTO request_transfer (request_transfer_id, purpose, status, request_date, handled_by, created_by, transfer_id, folder_id) VALUES (2, 'طلب أرشفة الملف بعد صدور الحكم النهائي الحائز لقوة الشيء المقضي به', 'PENDING', '2026-02-27', 4, 2, NULL, 67);
INSERT INTO request_transfer (request_transfer_id, purpose, status, request_date, handled_by, created_by, transfer_id, folder_id) VALUES (3, 'إرسال الملف للمفوض القضائي قصد التبليغ والتعذير', 'PENDING', '2026-05-18', 3, 2, NULL, 68);
INSERT INTO request_transfer (request_transfer_id, purpose, status, request_date, handled_by, created_by, transfer_id, folder_id) VALUES (4, 'إحالة الملف إلى كاتب الجلسة لجدولة القضية', 'PENDING', '2026-03-19', 2, 3, NULL, 69);
INSERT INTO request_transfer (request_transfer_id, purpose, status, request_date, handled_by, created_by, transfer_id, folder_id) VALUES (5, 'إرسال الملف للمفوض القضائي قصد التبليغ والتعذير', 'PENDING', '2026-04-17', 2, 3, NULL, 70);
INSERT INTO request_transfer (request_transfer_id, purpose, status, request_date, handled_by, created_by, transfer_id, folder_id) VALUES (6, 'طلب أرشفة الملف بعد صدور الحكم النهائي الحائز لقوة الشيء المقضي به', 'REJECTED', '2026-03-31', 4, 2, NULL, 71);
INSERT INTO request_transfer (request_transfer_id, purpose, status, request_date, handled_by, created_by, transfer_id, folder_id) VALUES (7, 'طلب أرشفة الملف بعد صدور الحكم النهائي الحائز لقوة الشيء المقضي به', 'REJECTED', '2026-06-14', 4, 2, NULL, 72);
INSERT INTO request_transfer (request_transfer_id, purpose, status, request_date, handled_by, created_by, transfer_id, folder_id) VALUES (8, 'إرسال الملف للأرشيف الإلكتروني والورقي بعد إغلاقه', 'REJECTED', '2026-02-19', 4, 2, NULL, 73);
INSERT INTO request_transfer (request_transfer_id, purpose, status, request_date, handled_by, created_by, transfer_id, folder_id) VALUES (9, 'إرجاع الملف للشعبة المدنية بعد انتهاء إجراءات التحقيق', 'REJECTED', '2026-02-24', 3, 2, NULL, 74);
INSERT INTO request_transfer (request_transfer_id, purpose, status, request_date, handled_by, created_by, transfer_id, folder_id) VALUES (10, 'طلب إحالة الملف قصد إجراء خبرة حسابية', 'REJECTED', '2026-04-12', 2, 3, NULL, 75);
INSERT INTO request_transfer (request_transfer_id, purpose, status, request_date, handled_by, created_by, transfer_id, folder_id) VALUES (11, 'إرسال الملف للأرشيف الإلكتروني والورقي بعد إغلاقه', 'ACCEPTED', '2026-02-12', 4, 3, 1, 76);
INSERT INTO request_transfer (request_transfer_id, purpose, status, request_date, handled_by, created_by, transfer_id, folder_id) VALUES (12, 'أرشفة ملف القضية بعد تصفية الحسابات وإنهاء الخصومة', 'ACCEPTED', '2026-04-09', 4, 2, 2, 77);
INSERT INTO request_transfer (request_transfer_id, purpose, status, request_date, handled_by, created_by, transfer_id, folder_id) VALUES (13, 'أرشفة ملف القضية بعد تصفية الحسابات وإنهاء الخصومة', 'ACCEPTED', '2026-03-23', 4, 2, 3, 78);
INSERT INTO request_transfer (request_transfer_id, purpose, status, request_date, handled_by, created_by, transfer_id, folder_id) VALUES (14, 'أرشفة ملف القضية بعد تصفية الحسابات وإنهاء الخصومة', 'ACCEPTED', '2026-04-29', 4, 3, 4, 79);
INSERT INTO request_transfer (request_transfer_id, purpose, status, request_date, handled_by, created_by, transfer_id, folder_id) VALUES (15, 'طلب أرشفة الملف بعد صدور الحكم النهائي الحائز لقوة الشيء المقضي به', 'ACCEPTED', '2026-06-03', 4, 3, 5, 80);
INSERT INTO request_transfer (request_transfer_id, purpose, status, request_date, handled_by, created_by, transfer_id, folder_id) VALUES (16, 'حفظ الملف في الأرشيف النهائي للمحكمة بعد إتمام التنفيذ', 'ACCEPTED', '2026-04-25', 4, 3, 6, 81);
INSERT INTO request_transfer (request_transfer_id, purpose, status, request_date, handled_by, created_by, transfer_id, folder_id) VALUES (17, 'طلب أرشفة الملف بعد صدور الحكم النهائي الحائز لقوة الشيء المقضي به', 'ACCEPTED', '2026-03-07', 4, 3, 7, 82);
INSERT INTO request_transfer (request_transfer_id, purpose, status, request_date, handled_by, created_by, transfer_id, folder_id) VALUES (18, 'أرشفة ملف القضية بعد تصفية الحسابات وإنهاء الخصومة', 'ACCEPTED', '2026-02-04', 4, 3, 8, 83);
INSERT INTO request_transfer (request_transfer_id, purpose, status, request_date, handled_by, created_by, transfer_id, folder_id) VALUES (19, 'إرسال الملف للأرشيف الإلكتروني والورقي بعد إغلاقه', 'ACCEPTED', '2026-04-21', 4, 2, 9, 84);
INSERT INTO request_transfer (request_transfer_id, purpose, status, request_date, handled_by, created_by, transfer_id, folder_id) VALUES (20, 'حفظ الملف في الأرشيف النهائي للمحكمة بعد إتمام التنفيذ', 'ACCEPTED', '2026-06-10', 4, 2, 10, 85);
INSERT INTO request_transfer (request_transfer_id, purpose, status, request_date, handled_by, created_by, transfer_id, folder_id) VALUES (21, 'حفظ الملف في الأرشيف النهائي للمحكمة بعد إتمام التنفيذ', 'ACCEPTED', '2026-03-29', 4, 3, 11, 86);
INSERT INTO request_transfer (request_transfer_id, purpose, status, request_date, handled_by, created_by, transfer_id, folder_id) VALUES (22, 'أرشفة ملف القضية بعد تصفية الحسابات وإنهاء الخصومة', 'ACCEPTED', '2026-05-31', 4, 3, 12, 87);
INSERT INTO request_transfer (request_transfer_id, purpose, status, request_date, handled_by, created_by, transfer_id, folder_id) VALUES (23, 'إرسال الملف للأرشيف الإلكتروني والورقي بعد إغلاقه', 'ACCEPTED', '2026-05-21', 4, 2, 13, 88);
INSERT INTO request_transfer (request_transfer_id, purpose, status, request_date, handled_by, created_by, transfer_id, folder_id) VALUES (24, 'حفظ الملف في الأرشيف النهائي للمحكمة بعد إتمام التنفيذ', 'ACCEPTED', '2026-06-12', 4, 2, 14, 89);
INSERT INTO request_transfer (request_transfer_id, purpose, status, request_date, handled_by, created_by, transfer_id, folder_id) VALUES (25, 'إرسال الملف للأرشيف الإلكتروني والورقي بعد إغلاقه', 'ACCEPTED', '2026-05-16', 4, 2, 15, 90);
INSERT INTO request_transfer (request_transfer_id, purpose, status, request_date, handled_by, created_by, transfer_id, folder_id) VALUES (26, 'طلب أرشفة الملف بعد صدور الحكم النهائي الحائز لقوة الشيء المقضي به', 'ACCEPTED', '2026-03-29', 4, 2, 16, 91);
INSERT INTO request_transfer (request_transfer_id, purpose, status, request_date, handled_by, created_by, transfer_id, folder_id) VALUES (27, 'أرشفة ملف القضية بعد تصفية الحسابات وإنهاء الخصومة', 'ACCEPTED', '2026-03-21', 4, 2, 17, 92);
INSERT INTO request_transfer (request_transfer_id, purpose, status, request_date, handled_by, created_by, transfer_id, folder_id) VALUES (28, 'أرشفة ملف القضية بعد تصفية الحسابات وإنهاء الخصومة', 'ACCEPTED', '2026-03-29', 4, 2, 18, 93);
INSERT INTO request_transfer (request_transfer_id, purpose, status, request_date, handled_by, created_by, transfer_id, folder_id) VALUES (29, 'إرسال الملف للأرشيف الإلكتروني والورقي بعد إغلاقه', 'ACCEPTED', '2026-05-03', 4, 3, 19, 94);
INSERT INTO request_transfer (request_transfer_id, purpose, status, request_date, handled_by, created_by, transfer_id, folder_id) VALUES (30, 'أرشفة ملف القضية بعد تصفية الحسابات وإنهاء الخصومة', 'ACCEPTED', '2026-05-27', 4, 2, 20, 95);
INSERT INTO request_transfer (request_transfer_id, purpose, status, request_date, handled_by, created_by, transfer_id, folder_id) VALUES (31, 'إرسال الملف للأرشيف الإلكتروني والورقي بعد إغلاقه', 'ACCEPTED', '2026-04-24', 4, 2, 21, 96);
INSERT INTO request_transfer (request_transfer_id, purpose, status, request_date, handled_by, created_by, transfer_id, folder_id) VALUES (32, 'حفظ الملف في الأرشيف النهائي للمحكمة بعد إتمام التنفيذ', 'ACCEPTED', '2026-03-27', 4, 3, 22, 97);
INSERT INTO request_transfer (request_transfer_id, purpose, status, request_date, handled_by, created_by, transfer_id, folder_id) VALUES (33, 'حفظ الملف في الأرشيف النهائي للمحكمة بعد إتمام التنفيذ', 'ACCEPTED', '2026-04-14', 4, 3, 23, 98);
INSERT INTO request_transfer (request_transfer_id, purpose, status, request_date, handled_by, created_by, transfer_id, folder_id) VALUES (34, 'أرشفة ملف القضية بعد تصفية الحسابات وإنهاء الخصومة', 'ACCEPTED', '2026-04-23', 4, 2, 24, 99);
INSERT INTO request_transfer (request_transfer_id, purpose, status, request_date, handled_by, created_by, transfer_id, folder_id) VALUES (35, 'إرسال الملف للأرشيف الإلكتروني والورقي بعد إغلاقه', 'ACCEPTED', '2026-03-19', 4, 3, 25, 100);
INSERT INTO request_transfer (request_transfer_id, purpose, status, request_date, handled_by, created_by, transfer_id, folder_id) VALUES (36, 'تحويل الملف لشعبة التطليق للتبليغ', 'ACCEPTED', '2026-05-24', 2, 3, 26, 61);
INSERT INTO request_transfer (request_transfer_id, purpose, status, request_date, handled_by, created_by, transfer_id, folder_id) VALUES (37, 'إحالة الملف إلى خلية التحديث والرقمنة', 'ACCEPTED', '2026-02-16', 2, 3, 27, 62);
INSERT INTO request_transfer (request_transfer_id, purpose, status, request_date, handled_by, created_by, transfer_id, folder_id) VALUES (38, 'إحالة الملف للنيابة العامة لتقديم المستنتجات', 'ACCEPTED', '2026-05-19', 3, 2, 28, 63);

-- 4. Insert histories
INSERT INTO request_transfer_history (history_id, request_transfer_id, status, request_date, handled_by) VALUES (1, 6, 'REJECTED', '2026-04-01', 4);
INSERT INTO request_transfer_history (history_id, request_transfer_id, status, request_date, handled_by) VALUES (2, 7, 'REJECTED', '2026-06-15', 4);
INSERT INTO request_transfer_history (history_id, request_transfer_id, status, request_date, handled_by) VALUES (3, 8, 'REJECTED', '2026-02-22', 4);
INSERT INTO request_transfer_history (history_id, request_transfer_id, status, request_date, handled_by) VALUES (4, 9, 'REJECTED', '2026-02-25', 3);
INSERT INTO request_transfer_history (history_id, request_transfer_id, status, request_date, handled_by) VALUES (5, 10, 'REJECTED', '2026-04-14', 2);
INSERT INTO request_transfer_history (history_id, request_transfer_id, status, request_date, handled_by) VALUES (6, 11, 'ACCEPTED', '2026-02-13', 4);
INSERT INTO request_transfer_history (history_id, request_transfer_id, status, request_date, handled_by) VALUES (7, 12, 'ACCEPTED', '2026-04-12', 4);
INSERT INTO request_transfer_history (history_id, request_transfer_id, status, request_date, handled_by) VALUES (8, 13, 'ACCEPTED', '2026-03-27', 4);
INSERT INTO request_transfer_history (history_id, request_transfer_id, status, request_date, handled_by) VALUES (9, 14, 'ACCEPTED', '2026-05-01', 4);
INSERT INTO request_transfer_history (history_id, request_transfer_id, status, request_date, handled_by) VALUES (10, 15, 'ACCEPTED', '2026-06-05', 4);
INSERT INTO request_transfer_history (history_id, request_transfer_id, status, request_date, handled_by) VALUES (11, 16, 'ACCEPTED', '2026-04-27', 4);
INSERT INTO request_transfer_history (history_id, request_transfer_id, status, request_date, handled_by) VALUES (12, 17, 'ACCEPTED', '2026-03-11', 4);
INSERT INTO request_transfer_history (history_id, request_transfer_id, status, request_date, handled_by) VALUES (13, 18, 'ACCEPTED', '2026-02-07', 4);
INSERT INTO request_transfer_history (history_id, request_transfer_id, status, request_date, handled_by) VALUES (14, 19, 'ACCEPTED', '2026-04-22', 4);
INSERT INTO request_transfer_history (history_id, request_transfer_id, status, request_date, handled_by) VALUES (15, 20, 'ACCEPTED', '2026-06-11', 4);
INSERT INTO request_transfer_history (history_id, request_transfer_id, status, request_date, handled_by) VALUES (16, 21, 'ACCEPTED', '2026-04-01', 4);
INSERT INTO request_transfer_history (history_id, request_transfer_id, status, request_date, handled_by) VALUES (17, 22, 'ACCEPTED', '2026-06-02', 4);
INSERT INTO request_transfer_history (history_id, request_transfer_id, status, request_date, handled_by) VALUES (18, 23, 'ACCEPTED', '2026-05-23', 4);
INSERT INTO request_transfer_history (history_id, request_transfer_id, status, request_date, handled_by) VALUES (19, 24, 'ACCEPTED', '2026-06-13', 4);
INSERT INTO request_transfer_history (history_id, request_transfer_id, status, request_date, handled_by) VALUES (20, 25, 'ACCEPTED', '2026-05-19', 4);
INSERT INTO request_transfer_history (history_id, request_transfer_id, status, request_date, handled_by) VALUES (21, 26, 'ACCEPTED', '2026-03-31', 4);
INSERT INTO request_transfer_history (history_id, request_transfer_id, status, request_date, handled_by) VALUES (22, 27, 'ACCEPTED', '2026-03-23', 4);
INSERT INTO request_transfer_history (history_id, request_transfer_id, status, request_date, handled_by) VALUES (23, 28, 'ACCEPTED', '2026-03-30', 4);
INSERT INTO request_transfer_history (history_id, request_transfer_id, status, request_date, handled_by) VALUES (24, 29, 'ACCEPTED', '2026-05-06', 4);
INSERT INTO request_transfer_history (history_id, request_transfer_id, status, request_date, handled_by) VALUES (25, 30, 'ACCEPTED', '2026-05-30', 4);
INSERT INTO request_transfer_history (history_id, request_transfer_id, status, request_date, handled_by) VALUES (26, 31, 'ACCEPTED', '2026-04-27', 4);
INSERT INTO request_transfer_history (history_id, request_transfer_id, status, request_date, handled_by) VALUES (27, 32, 'ACCEPTED', '2026-03-28', 4);
INSERT INTO request_transfer_history (history_id, request_transfer_id, status, request_date, handled_by) VALUES (28, 33, 'ACCEPTED', '2026-04-18', 4);
INSERT INTO request_transfer_history (history_id, request_transfer_id, status, request_date, handled_by) VALUES (29, 34, 'ACCEPTED', '2026-04-26', 4);
INSERT INTO request_transfer_history (history_id, request_transfer_id, status, request_date, handled_by) VALUES (30, 35, 'ACCEPTED', '2026-03-21', 4);
INSERT INTO request_transfer_history (history_id, request_transfer_id, status, request_date, handled_by) VALUES (31, 36, 'ACCEPTED', '2026-05-27', 2);
INSERT INTO request_transfer_history (history_id, request_transfer_id, status, request_date, handled_by) VALUES (32, 37, 'ACCEPTED', '2026-02-19', 2);
INSERT INTO request_transfer_history (history_id, request_transfer_id, status, request_date, handled_by) VALUES (33, 38, 'ACCEPTED', '2026-05-22', 3);

SET FOREIGN_KEY_CHECKS = 1;